sector_source,A01,A02,A03,B05,B06,B07,B08,B09,C10T12,C13T15,C16,C17_18,C19,C20,C21,C22,C23,C24A,C24B,C25,C26,C27,C28,C29,C301,C302T309,C31T33,D,E,F,G,H49,H50,H51,H52,H53,I,J58T60,J61,J62_63,K,L,M,N,O,P,Q,R,S,T
A01,0.43763044139647395,0.10751159025057569,0.04862595561279141,0.001299054447013668,0.0009562586866789863,0.0006500794003351299,0.0034834796507145936,0.0012254597859684192,0.3719723800035741,0.0634886674469311,0.012134874191624812,0.0016015432050332742,0.00016260147080161954,0.013693178773322016,0.016569874789072542,0.012581418221267794,0.0006755788526610988,0.00019856360303921081,0.00023443366164075971,0.0003453936207721025,0.00031875751518114007,0.00034641643208356066,0.0008229374266669193,0.00035134871380862215,0.0004309005548345484,0.00032567456441217273,0.005019545493780303,0.0033133563824816995,0.0038981899560145876,0.007044249945145252,0.01594712516742628,0.002570489084255254,0.002020861053201798,0.0007812176827015136,0.002128950127432989,0.0007746190640236146,0.1015137536095446,0.0012916582790996579,0.0007046213852996098,0.000413748506257368,0.00046021258483745997,0.0014138938668823585,0.003161272117462264,0.00639025404186479,0.007817827664580277,0.01101361646666833,0.008592390016362635,0.013120903612504467,0.009846634979226613,0.0
A02,0.006003198180684887,0.48774930198476174,0.0014910137911514473,0.004473724689004743,0.000387872358133492,0.0005347260051438903,0.0008610506786178051,6.176426160709168e-05,0.002596827007824224,0.0010888387519044126,0.2600963754184281,0.015093778581068064,1.3769797183331545e-05,0.000737960671505614,0.00027364069497020136,0.006391205854987563,0.000696945565100173,8.197026134255783e-05,9.30938045496112e-05,5.008680634636482e-05,9.60168074327092e-06,3.215836799750865e-05,6.048445840273936e-05,2.6333199853045293e-05,0.00013354756621192048,2.8754490048634833e-05,0.010835068150675349,0.0035618638751655825,0.00010499574351569197,0.0014924925615216803,0.0010187442723504285,9.401601823341963e-05,6.747393315921389e-05,5.2816215921192496e-05,8.485565236000084e-05,5.329403748038834e-05,0.0012102531065076721,0.00012841450587238538,0.00011650474484533955,8.828445679533255e-05,2.5736116281417775e-05,0.00016675744649031785,6.792656800131653e-05,0.00018615455211597735,0.0007855293252521477,0.0004669186175606293,0.00016618670685916582,0.00104880859890893,0.0006141999776706882,0.0
A03,0.000544430003419859,0.0011178028523308487,0.4125252187956471,0.00020187574716718198,3.0064968547287262e-05,0.00022392004065838886,0.00027488736927990486,4.232627657706793e-05,0.03176864170561568,8.500870168230766e-05,3.1659609245886484e-05,3.0197680007173626e-05,1.9386865090016255e-05,0.00012000864996556763,0.00011412056085733064,4.420074947957422e-05,5.575023082579501e-05,9.3203231745994e-06,2.1120975026818708e-05,3.2881561483996924e-05,1.8311980992087294e-05,3.310890556348645e-05,3.2754487433451795e-05,9.408510498867385e-06,0.00010742469634804884,1.1066091179644922e-05,0.0006317509817603934,2.045341419494023e-05,7.072402747363583e-05,5.8377153558277646e-05,0.0007240862379049166,8.386210654598092e-05,0.0006007249910232298,7.87600217291358e-05,0.00010144137082943696,1.4304561777597574e-05,0.01820731076355757,0.00012004972573590523,6.898715944367005e-05,8.54569970094576e-05,7.032476537755152e-05,0.0001045119960367815,6.835444705541535e-05,5.511020028550965e-05,0.0011917056150524696,0.0005673073722158532,0.0005266948291343875,0.000401189187680289,0.00040582202756327373,0.0
B05,0.00039253602267784666,0.0003939210215058553,7.184747056771865e-05,0.16987236672385417,0.0044914236766896865,0.011271599782586784,0.011662885272817097,0.006467011051071679,0.0005384142553394942,0.0009551004129685931,0.000430106885716927,0.003866725873602509,0.01655513510554246,0.005859374909869709,0.00017381095906223581,0.001135347836875406,0.02783981342796187,0.05660536424296233,0.012067013683972266,0.00018417614137628148,0.00011467286099638434,0.0003802790681211129,0.00026234239891416655,0.00010650495188913595,0.0005008517813673537,0.000536583728986449,0.00017239461826092597,0.11165555431141702,0.0008474194848438655,0.0019460944306703388,0.00017641819325635137,0.0004169012338444907,2.800992477000098e-05,5.3860556692982466e-05,0.00022172715334722824,0.0001007520301056505,0.00016170321297077062,3.142426142641462e-05,6.753216656645788e-05,4.3817268856864856e-05,2.356101852798332e-05,0.00031910555330925017,6.651680576961391e-05,6.599169064974457e-05,0.0006094204671895524,0.0009146137808210186,0.00011335843633392489,6.966989415527725e-05,0.00044524497678426694,0.0
B06,0.001588142600628504,0.0011036805990926114,0.0017022040873862975,0.027155561962429794,0.17234369574931477,0.010765849554148605,0.02832266910367841,0.04230419914530192,0.00231543961504539,0.0010989518388931673,0.0017160712830187634,0.009774747757475333,0.5989630701128603,0.03789546660323496,0.0009092199448614011,0.003652267235339802,0.022957265726902033,0.014467326757716316,0.014132726824364948,0.0031674535696522193,0.00032648731184963697,0.0007796464176282926,0.0011078073818060427,0.001006777616789657,0.0015090738814723295,0.0013672662788643492,0.002113283527816192,0.21226583410905064,0.003676290246210359,0.001966630517988156,0.0034624488796019958,0.007867511697926793,0.004266355552179726,0.007884622731284355,0.004285945743012799,0.002396926268090485,0.0015652967966330502,0.0006802548451442276,0.0006149248822520786,0.0006071380781460928,0.0005703749637763371,0.001845511975240069,0.0015638378796906656,0.001847891807650674,0.004322373987475684,0.002892817347290731,0.0014221942612517827,0.0015672372919656409,0.0022813024409428814,0.0
B07,0.00021473196627558216,0.00010935720795781876,0.00018693094073249237,0.014861687104945174,0.007186638340338373,0.2898094155811632,0.05503291582848205,0.02257557146814355,0.0002742046643149538,0.00016162947895814725,0.00011865092516411007,0.0005111369641139432,0.008115536697365823,0.005320040987768778,0.0001884089723552063,0.0003398308927442607,0.02422530496432092,0.12629367383333331,0.22357761290421702,0.005260006508837666,0.0004830283012033289,0.0015311660864545658,0.0008787628485274633,0.00042106287568604406,0.0002595247344813675,0.00039903327062242077,0.0015934977097148233,0.003327985032493561,0.0005855072294179715,0.004549416849267045,0.00019258999614610474,0.0002788104325664065,3.501564399258797e-05,0.0001138892039760607,0.00023764132674880965,0.00016902895066501182,0.00017757271104257112,0.00010473380957970066,0.0001123995947910305,0.00012595513545699514,0.00014466626280487096,0.0002702975682354739,0.00025357986576201403,0.00022146721707787262,0.0002495326039488941,0.00019583840858645418,0.00010945100840674327,0.00016636622980450782,0.0003117287577259264,0.0
B08,0.0013285800944569412,0.000612636404003967,0.0011276934272849927,0.005869221660044772,0.0077467489108847655,0.011135458057568607,0.1644393531282391,0.018803377022761587,0.0007212657163095096,0.00027562123015636357,0.00022046234642982083,0.0012997835733187357,0.003249725896660449,0.007400379779642828,0.00038079771198620723,0.0010088164478584294,0.08937951024252723,0.00867095282627504,0.007141795524846079,0.0008107666838001507,0.00013754855449884097,0.0005014047202052736,0.0003250874821060113,0.00017462357918795226,0.00018534566139686068,0.0001485631741023133,0.001233023897575807,0.0026421707167865022,0.001781324570736816,0.02297050788588037,0.00020647346578131246,0.0003080456597184444,0.00026734278704335204,0.00020643859275297407,0.00021815799763549125,8.864755829006555e-05,0.00024945602841096846,6.541045863212726e-05,5.8803466791762395e-05,5.0336109729782715e-05,2.8535591127513367e-05,0.0011608463494724212,0.00013307931114867622,0.0008133364600167403,0.0009013694722140116,0.0002210353606455408,0.00014953489095110992,0.0001471244776745972,0.00030089816013099214,0.0
B09,0.00012197491681016515,0.000248640292605857,0.002955580216457989,0.027703974210713366,0.11861358694419993,0.0213500906889406,0.04682701693540308,0.41320636838536046,8.026436692273206e-05,2.239345839499652e-05,8.603287041309526e-05,0.00041696108613455623,0.010610993271382095,0.00013009284582442076,5.78823832003657e-05,0.0001935665430434935,0.0031844915036696566,0.0007503401056539024,0.0010319487139988967,0.00010670017661377705,2.299028460244882e-05,3.971662982300328e-05,7.071272920671764e-05,4.84508654525087e-05,5.3942624855112855e-05,0.00047805074660663203,7.825903406402735e-05,0.004027588347196076,0.0002442257225885607,0.0014498770061937081,0.0001143854393628804,0.0003839399266791416,0.00017013712383907135,0.0002833949038475421,0.0003873806181817495,0.0002552804312249375,7.074509247145683e-05,0.00012190768321926892,7.81034800723822e-05,7.057414872161749e-05,5.491532463029127e-05,0.0004943512187990185,0.00045475930100616054,9.924580423946154e-05,0.00030986320952628647,0.000167039216258519,9.145574664665182e-05,8.144679560088561e-05,8.469033322212196e-05,0.0
C10T12,0.1422744952143162,0.005400992222330809,0.12206431494290404,0.002797984564155718,0.0017416867191820918,0.0019613014441209227,0.004402601190706377,0.001322922262683668,0.18659636336481952,0.011643566943127851,0.002088014302966608,0.006426691990360313,0.0013469996247319766,0.0236798045908041,0.019843201997882053,0.004800485003649905,0.003482271005743128,0.0008437821464166242,0.0013053183250203893,0.0018436505520643318,0.0012599081355466708,0.0018249877600828785,0.0020564720067088615,0.0008324025053646372,0.0012319027909069027,0.001090512391436679,0.004557938118136932,0.0012752494970866772,0.0050965971576512545,0.002415010573504209,0.016447855782190598,0.003350703062432442,0.008680822183028836,0.002128674369992644,0.004457669572690805,0.0023784451942476174,0.2911188809179206,0.005177686919077403,0.0025056405381059335,0.004008641525954376,0.0025512541410685824,0.0027242828983752346,0.003676227046455578,0.003935643855278351,0.010802669640196126,0.027530566784531533,0.014756732324726855,0.024783473030985916,0.011786435768020794,0.0
C13T15,0.0019053837587862954,0.00365782404139421,0.024007626056482906,0.013275555999454798,0.00276185347235609,0.004913184758003901,0.005737177456253375,0.0022152402321193028,0.0012996215911055167,0.5622042273729344,0.004557739817933246,0.018883969846246716,0.0004840684571706123,0.0068488410442129255,0.0037458902330205187,0.021372762061029085,0.013251672932850336,0.0017880797425815595,0.0013693161299769044,0.00443025501829799,0.0029056805370689504,0.004827384899835727,0.0051958109978886575,0.011513261093493935,0.008571239529204794,0.005338300149074787,0.05324402191458299,0.0011360155395349477,0.00681594754070321,0.006812564048919673,0.0075307956620235894,0.002651749266987162,0.001200506406300329,0.001475774822851112,0.0024360850058440554,0.006457168908080617,0.006417706114563337,0.0016647678546133707,0.0013835419046799788,0.0014678173819280083,0.0008577451889008712,0.001251669855675155,0.0059043327942035475,0.006608943269416135,0.011788587950927132,0.0075732109225999,0.008788302635016761,0.013731661506309193,0.020662483388235564,0.0
C16,0.0017191873040077969,0.013139986996884942,0.0009776776053269823,0.003582589482304857,0.0008798161956559093,0.0017540442003304024,0.002007427149924195,0.0006258837147112969,0.001935308963066891,0.0012015195419556109,0.2626821043683497,0.018451296969419367,0.00012435260670949034,0.002393578518935591,0.0009402528081610798,0.003018205223697311,0.007238456096283079,0.0005027627884502047,0.0010318182828014625,0.003230368142146311,0.0007373588333796583,0.002189102283100376,0.0018165906818095293,0.0029154700497905986,0.009135005148478563,0.0019231564887845546,0.07218531584770539,0.0013580691012190262,0.0016577647293312292,0.038948288109488825,0.0030340138883505428,0.0010814105462289504,0.00018446051548068812,0.00025149654725810714,0.00350500010738228,0.0008995170416921085,0.0023983261783316564,0.002281997373329401,0.00044019307194169156,0.0005222064974577859,0.0003230018357830578,0.005768562314588245,0.0024340728145420426,0.0026050274242682098,0.00113603673338552,0.0024563946737374298,0.0016222447512740225,0.002328424419615987,0.006865983772301797,0.0
C17_18,0.002921267160192615,0.003117331903385396,0.002972687472599649,0.001995747489454635,0.0018768697114066345,0.002892238631393582,0.0024407473720356463,0.001019993277889366,0.015736188499492133,0.006899586256333714,0.011291786479259824,0.38952275935217867,0.0005595553222203031,0.007975268010596809,0.016337610029062706,0.011281824795213191,0.017407024837718867,0.0012198682630804702,0.0022148253890974696,0.005924981105187566,0.0057316001619457085,0.008437006326935717,0.0058076731485400945,0.0032562715683022137,0.002421161088805513,0.0037518693040391685,0.018662204932499465,0.0019469448509804904,0.006023208239146132,0.0033373410601864233,0.015057341919801029,0.004152928427315903,0.002385476744244424,0.004409972889793643,0.0061009168975403,0.015562470133400947,0.006512743787774404,0.07829120962409228,0.009282896368108823,0.017035669482545934,0.01388493405147161,0.003035505301161847,0.025517761092295557,0.019331813508683883,0.020372627695453612,0.04040355483740908,0.011738120808364874,0.013401515371263944,0.018635912165368525,0.0
C19,0.0275845787278551,0.04071799716073259,0.08968255689239855,0.0573432357540777,0.042544841954323134,0.06980054320523696,0.07010739827153019,0.03942258543624932,0.009461166011624545,0.006897469329099312,0.017183213856619323,0.016531442704319266,0.13408039251733256,0.09567077336164694,0.00952728248504313,0.016378362574115353,0.033680864429932504,0.028013248465974017,0.010378095280082643,0.008930880850633644,0.0027863971874093397,0.010156144477672664,0.00599059977258656,0.007978492198060226,0.00612110022297262,0.005709922489586554,0.015151979186451123,0.06017921946227338,0.03747530447233449,0.021891731237716205,0.033209882668578425,0.2272833693411512,0.163120805097231,0.3007603577217427,0.04438871870476291,0.04061733356043352,0.012113935561592,0.006991858207611883,0.00845120293270279,0.007908084227363523,0.008093985381214355,0.006274591275228552,0.011987602994469358,0.0234701664008502,0.03696739187836918,0.02079295440222769,0.013712323274112254,0.015308562631202213,0.02618118445134475,0.0
C20,0.07542471892488685,0.00699089183680122,0.007476936082065034,0.03712023933120309,0.015515030116484047,0.04255828137499894,0.042647495591005745,0.013716586727261155,0.013420085185026546,0.06860956913753787,0.04672180385647944,0.0840832223031045,0.029314314312220903,0.4036892536226289,0.10703299154643403,0.3478362588455918,0.06503900891217057,0.011662137046347798,0.016697669261782327,0.023779618350100583,0.02587986274068672,0.03456543198902987,0.01662358231286989,0.020860619321912507,0.028677339081110354,0.011503713087389442,0.05712795905331147,0.004189792154046091,0.03557709241024755,0.018521674027511013,0.00940431924861412,0.005649741122135002,0.003638236826622577,0.005827331087473631,0.00676447736433867,0.0021688792281003167,0.008868310668339364,0.010628710792823489,0.0013793050326971759,0.0041734803511848636,0.0012505908831650504,0.007776077298697584,0.012862483438499337,0.014690935878574157,0.006793599116391232,0.012754312799440528,0.026790676162662147,0.007817504608027562,0.03688698556882047,0.0
C21,0.007721964536532032,0.0004421264226555339,0.0031850815672514617,0.003220843464809344,0.0014709612380038072,0.003906604532934191,0.0025952799006916404,0.0005700046039357531,0.002323797820180396,0.0014175533224796255,0.001431066461445348,0.0017582112575078865,0.0006933155772214006,0.011734977832941418,0.3511857378809621,0.005467460373190347,0.001014000718653807,0.0004534766949346228,0.0005000598581114715,0.0007542811284411885,0.0007261485078709711,0.0006097578093983622,0.0014355479519035754,0.0007849748568643629,0.0006393334314747839,0.0007424187516679072,0.004104887995794364,0.0005308628923945515,0.0042827556566512924,0.0007458016204980757,0.0016574982476840595,0.0009784649158371104,0.0012119858430061775,0.0008091831092098266,0.000853810710391481,0.0010093195069473485,0.0008128460035818853,0.0013937769058998246,0.0004829438325181748,0.0011355858004730608,0.00041679649998021097,0.0006141926159221254,0.010557971138336836,0.0017609281150643384,0.010529535572678578,0.004442836111632184,0.1433937109542411,0.0036088818441582676,0.005401408122846837,0.0
C22,0.007193906741903482,0.004719038322777274,0.006811214725795498,0.015712777770315305,0.00810501643942635,0.009356339760736123,0.009342757194261154,0.00394696870276448,0.021212885945612225,0.018023721158219447,0.01501862284855063,0.03169285311100291,0.001661601176814629,0.020347538546426125,0.025257353321362672,0.17759661253639428,0.015664741063835686,0.002187769826179424,0.004738450045161974,0.017914741538645827,0.020520882519701286,0.04266932322300673,0.02855392388587905,0.051954070234067666,0.013509925627028118,0.02681329738662118,0.046739501002923255,0.001189005066912303,0.01829562902085596,0.03217474907255608,0.019382464043152005,0.01919087790100435,0.002283399292538983,0.0016746858736283743,0.006428948563773494,0.0037457729483048883,0.004432163936113558,0.004120959209995732,0.0020815746785777384,0.002570401828857729,0.0016667998006917144,0.005894601188995264,0.005839139740781684,0.008788060118391646,0.0037361082231450603,0.005954538224777546,0.006378705713505662,0.005323307464645033,0.010032517755152744,0.0
C23,0.003002169113582079,0.001744113498596295,0.000934376720141495,0.004889678693045645,0.00541563017444915,0.0127518278531767,0.015567792586974992,0.0030862395352264675,0.005781598244472398,0.0015640674001572066,0.008257430481999478,0.0013247707325317196,0.0007450870850070519,0.005433947083068865,0.007545822174074872,0.010818419458956464,0.23426104283206864,0.010970291114273447,0.005340090476955521,0.007926369466715053,0.010489350987996393,0.012247892741166706,0.005748354674045917,0.009208941569026049,0.008466210876297946,0.0035887821719480704,0.01126925258948612,0.0015814486411758798,0.0066349290176482365,0.15539520972091425,0.0027283550358566306,0.0016134488017443952,0.0016653793627740983,0.0005469117681793946,0.0018295674795768032,0.0007122119134872715,0.003390525465177529,0.00041483629796916407,0.000804433440836755,0.0005512830272382358,0.00044909829211996487,0.015258416998603216,0.002915998119138297,0.0018840180481195785,0.002098707633642337,0.005184791651942731,0.00205623338576036,0.002286299955986384,0.004689270003619013,0.0
C24A,0.0010476187792589514,0.0010853213315790366,0.000696995185384497,0.01646515652987016,0.021625322268946364,0.014565449019459692,0.0034109932651208287,0.006143088800847996,0.0005993036058995899,0.0010139666204857646,0.003816547707268873,0.0014082741655537865,0.000979707200345723,0.0015548670870551393,0.0006573923585253952,0.009903040419268764,0.01730804306886815,0.38349996241025414,0.023154813260407105,0.28682763839801145,0.012303563328358802,0.055213514921292874,0.13864798446495005,0.06537667543693469,0.09509420624020289,0.07622275469343216,0.03451337713670878,0.0022643085670611203,0.026009509305892842,0.05651922157260616,0.0019665774671032503,0.0018169653766387328,0.0008805643695852135,0.000658098043427775,0.0023020888767590385,0.00026624811035299233,0.00021014505980448725,0.00012707391703219615,0.00017384944629415727,0.0001258374971164164,0.00011805160227382349,0.0019028185801740099,0.0023887825994604846,0.0007062851784210769,0.0008592112578239501,0.0009840241050405368,0.0002737151244107202,0.0008580123338868449,0.0020123562430284215,0.0
C24B,0.0007480086457275658,0.0007958090990547052,0.0004717496461859725,0.0017082805182592233,0.004367250471985531,0.005056244352664573,0.0015657891035138192,0.0008120696532764745,0.0016501287904677451,0.0011740971465186432,0.002783817161829944,0.0026630370986643307,0.0004584202511999336,0.008727603130831365,0.0022023959502726572,0.007058006258099082,0.006891827008547748,0.04642751847738699,0.43427708246411106,0.12074283947350244,0.030551941740949114,0.1228534443961966,0.05111762170803719,0.03157009971278835,0.01980083720472851,0.034292773798633464,0.04243551145542113,0.0010838025746413443,0.022204269167594236,0.01278217033500959,0.0017796720886595193,0.0006922651945064772,0.0003895676753141043,0.00011688689901681776,0.000630467190108511,9.637030357537751e-05,0.0005925084935612752,0.0003337659259859391,0.0001830230612461821,0.00012431391030542842,0.00016498879924481708,0.0010438226922773485,0.0008607863577019424,0.00035828399823890146,0.0006590947332021522,0.0003810508159381084,0.0007717884517929742,0.0006711539273653007,0.002170735303701704,0.0
C25,0.004115584813473774,0.005847822035305445,0.002469751422091551,0.029226618306318067,0.020384421152445598,0.01868978874413784,0.011090166049990809,0.016175307615880787,0.00978824633125546,0.0037043613302829657,0.021720789820047822,0.0053144053375552775,0.0017280086508167703,0.008199854430690035,0.004977699347072532,0.015093233382337678,0.014223305421948409,0.022043638394469225,0.012650634374756295,0.17045991852033676,0.0167880305415952,0.04343302809897937,0.10821559539803706,0.05374660041762498,0.08815490756809782,0.06227731837970157,0.0523541536806739,0.0036004533540389743,0.011455029617938591,0.07205705609733043,0.007643305616217887,0.0034039088259512147,0.0024009465363252656,0.0015576047242140333,0.004830836144922792,0.0011037222969543837,0.0038420201544281545,0.0014634992928825334,0.002627880452574176,0.0016513363372399755,0.0005573490595234605,0.008880041436638572,0.0063822263641517265,0.007531388718539987,0.013806830708714241,0.004657255588032587,0.0025527126350144073,0.0038146167233673507,0.009879356897079647,0.0
C26,0.0008550655438087773,0.0012701608981064074,0.001635600055370083,0.003740358514035232,0.00457819396507232,0.0037949759785829403,0.002777340763114517,0.0032911031834031482,0.0010568415351188962,0.001238123018827391,0.002535179220020877,0.0030540773216324703,0.0012456337222406474,0.004030771130377954,0.002835111179624204,0.0032517919627287374,0.0027377170056876884,0.0014541782804496953,0.002102391219060681,0.00770956128183924,0.521539907264458,0.09603574495145728,0.04227974258491651,0.019160198402149605,0.03652498639989252,0.018240281333856138,0.024315265970218092,0.004873640485594354,0.006088515169579887,0.009802549363825035,0.009964858329256634,0.002391519207891427,0.002981535665018388,0.00513882208188897,0.005008616704011434,0.005621845178175285,0.0026802000766360167,0.012531496170617686,0.06203878386070263,0.04612250375282879,0.003966789708439931,0.0021450213498297186,0.01570342424107772,0.009091276296906196,0.01101893621283524,0.013847905516817314,0.014761997120726851,0.008660229997251162,0.023562184422563557,0.0
C27,0.0010031055937473083,0.000951432743719103,0.0018377726208252652,0.00666975056531236,0.0023690192164599415,0.006921504122734798,0.006451541751831803,0.004334934908365088,0.0009974004646217723,0.0006686703881070356,0.0013706318983362923,0.002361480397381546,0.0004059694138414245,0.001756729907836085,0.0014395139470915442,0.0031555870381740105,0.0030734910334195412,0.002109866376920153,0.0032807229003544176,0.009530757107059312,0.042253953987318106,0.233442974136921,0.04452268302958106,0.03809515259169766,0.022327904746158297,0.023710940901625614,0.019760595570422344,0.01605028907698487,0.0058877333104100284,0.031851009673859926,0.0062082184947282616,0.004054377881252072,0.0027776085260216923,0.0017325901238176688,0.0029007889171856296,0.0014231184084475526,0.0019188210602754767,0.0025238923175715912,0.014933407615950085,0.005593863753385145,0.0006549950484561971,0.0023442983635215916,0.006967743343479289,0.005279161088500913,0.005589104588623613,0.003886198391973813,0.003063751038573282,0.005996158772523145,0.011174909573189135,0.0
C28,0.0030916930982186033,0.010772641417203297,0.0058191301293149195,0.07136670782741229,0.0302459633076977,0.03726072720249734,0.0275311919193194,0.024514759999243754,0.003348720816670898,0.0025756608285084468,0.006755340428495368,0.007497044113291377,0.003053311219312661,0.004842830187708501,0.0036724648310556577,0.007726987506545089,0.02000735502502825,0.008028915051559164,0.005418651011141961,0.0206905580536487,0.012025717379683562,0.03840892790595163,0.21955122832141985,0.033249489810228364,0.06394339786853004,0.030082859669600902,0.0388553739162199,0.00970112235118725,0.015508893326342763,0.023037786311548767,0.008231524831771125,0.005150819706922202,0.002326294097146495,0.0034849833899845656,0.005250194450362727,0.0026847371690429684,0.0014092662629089493,0.002285375370869218,0.003830931799410037,0.004113693612094243,0.0020022745134489236,0.0016095145951794906,0.006867566922004991,0.007861078120858967,0.0063621637115255075,0.00414379312849361,0.0050967987260915,0.004663301719749131,0.005725145866907612,0.0
C29,0.0007576858492547089,0.006744071618994145,0.0011356460099050838,0.0013781638888523478,0.002330162803866838,0.005026540084043769,0.003711414908327568,0.00221129314186307,0.0008532644260401669,0.0007282204570540187,0.0013542684332441186,0.0009959659214707373,0.0004102448892388918,0.0010824566400975317,0.001127863072581324,0.0025849538923404555,0.0033199239980313,0.001163799033164849,0.001821760479187838,0.0035888676174419066,0.002915749141380275,0.008091126752940318,0.011893273511571543,0.34480608357708187,0.0047712649567473505,0.01560691872825854,0.009140810805446495,0.0013906583430593165,0.004727623476015545,0.0032090786392885086,0.025286527962356534,0.027426155656746696,0.0031489338287696107,0.0039049281855707695,0.00581647227218757,0.002924042370031808,0.0006685736214522748,0.0009334283473590026,0.00157544189216693,0.0021299858897945692,0.0010289942299709603,0.0009987939205625181,0.0029273631779349763,0.006044840044921626,0.0025200612417983614,0.002196241613686989,0.0013827627526537421,0.0023046431206880614,0.0023052977960161714,0.0
C301,1.9067706734752022e-05,8.599249310197567e-05,0.007141687614275966,5.673096134364139e-05,0.0011165315161626068,0.00038963534569448383,0.00020046343998059672,3.5721619813195965e-05,3.508023751817698e-05,1.3411252252650838e-05,3.988226715100772e-05,2.494748499376831e-05,1.620442883077819e-05,3.72127192128721e-05,1.5176362843683542e-05,5.787120696342624e-05,3.924951284127291e-05,8.359210247197315e-05,4.463782316787654e-05,0.00039261179490942367,0.0001754665669305635,0.0001997583064998572,0.0007218229224367849,0.0005523337937922434,0.2862015825809463,0.022978553396968276,0.0025647201193858046,3.814492154130199e-05,7.853095162082878e-05,0.00013293597386082153,0.0001477260701908926,0.0008921767447357435,0.02143370957014442,0.006455203075833551,0.0016621271237326264,5.875146960163236e-05,2.7786739844323603e-05,1.3875011144300514e-05,2.5781188002129082e-05,1.4040830250085046e-05,2.1128430541534656e-05,4.5168704767258745e-05,5.936788954344582e-05,0.00015884215569569505,0.004037705435743247,8.435680025241733e-05,2.51940512694193e-05,0.00018433987782228185,0.000443049155215392,0.0
C302T309,6.0110985389142094e-05,0.0006203038194799819,0.0023968070435762337,0.0005345881215402061,0.0004105045526884097,0.000391674605478119,0.00015025578569780184,0.00039696833464999455,0.00011763320499856485,2.728287715664928e-05,0.0001408436524015561,8.156035614064888e-05,7.334969326036978e-05,8.991670266999331e-05,0.0001014791403039748,0.00014633692027323352,0.0001131093120201986,0.00014232085799681092,0.00012365015175007341,0.0006349455143749424,0.0006618004128629166,0.0006058666472608222,0.0011346112712807277,0.006897838148964914,0.035213982527997914,0.3261807025948095,0.009314596129473891,9.766905001990959e-05,0.00018668370520905705,0.0002875454509981058,0.0014285762704109842,0.010307155905162327,0.005276487422175814,0.036893995331952874,0.0018095690070569494,0.00027340929977670597,8.488138536950889e-05,8.714170673938579e-05,0.00014150534681298094,0.0002498751538220536,9.972640309913167e-05,0.00015252827142154572,0.0003959946267985285,0.0012698833991492205,0.009511356025035507,0.0002598020693618465,0.0006762745231486563,0.0002859728920792737,0.001360486239693385,0.0
C31T33,0.006161401779668832,0.007453422332194345,0.009229963684857774,0.008232839989459383,0.011246576847489755,0.010973242662328263,0.013325265426461733,0.011995798068745437,0.003994955864073726,0.005060280474562536,0.008109898989142432,0.006845758369740338,0.0028241505214321857,0.005268197156499817,0.006079701593828193,0.005166155905367992,0.006908088123840879,0.005545585312166788,0.004580445692590321,0.00660851457176424,0.008335339345457674,0.006948878623987723,0.00859564060773498,0.006372160447011097,0.012098426179894529,0.010163697195316032,0.08679281049924241,0.011430646744817589,0.017819742324747263,0.00967584451198012,0.007539189099850125,0.012504050337422388,0.010384456046613361,0.024528848689847286,0.010937486092670127,0.006167743335174812,0.0074412853221624215,0.007300605103862747,0.010575997022131241,0.011895476705799058,0.0049813309174779824,0.00427943717170163,0.010841891082110604,0.019117290655967355,0.011954796344918679,0.021529457397000983,0.02867643615425292,0.022728838265151898,0.020094477637339504,0.0
D,0.020655134659486277,0.01181114874310416,0.018616286953203633,0.10062257477962164,0.07136070476784662,0.07898112016587358,0.09097323972689911,0.01791086728574273,0.021334915523870342,0.025469815964778514,0.02695410651655744,0.060366312406767264,0.023645600440286043,0.05000093139246757,0.018723356194478655,0.04119410772417133,0.08112101120743338,0.05459279807392497,0.04094065788845551,0.03180875270094074,0.017488416851344925,0.02012865339125327,0.01882523252077878,0.016409451855444675,0.016378243221981614,0.018905115128546746,0.022016299136290305,0.2985825874105368,0.09558549319002459,0.010003438334265981,0.038802785767062004,0.04082202493607174,0.0028289434282859653,0.0031409516196108074,0.02893981313706739,0.0196815332841383,0.05278453332463392,0.014007227858620673,0.031275010435921284,0.013922664344778917,0.012726768749253173,0.03485163300431537,0.017794021668569217,0.016590061846648147,0.041551282039113735,0.07541630498630576,0.03779134514106945,0.053563457774797776,0.04866713125164299,0.0
E,0.0034818619728171113,0.0011281409351828777,0.00271901453259975,0.006804375375917351,0.00379643279920704,0.007242328037170512,0.006270022591226437,0.003923647046678974,0.0037010981852668053,0.0020468916529815255,0.0036788215266188857,0.01766129567760039,0.0021631235014450884,0.004366231046164212,0.003085209828240084,0.003341125758927081,0.0065066300892107215,0.030049334635069962,0.025806774781200935,0.004148889439174997,0.0012405250614575035,0.0020352904900497707,0.0026675367918545514,0.0015461547746230381,0.002429531417135637,0.0036282731876256615,0.0027979107476158705,0.007577695261638345,0.2751335358696727,0.003215669386556159,0.005933430168202988,0.00485662600598321,0.0011493649591101753,0.0006658361112416093,0.004928443361896119,0.0033201107417557235,0.012968723164504543,0.0016133516490266244,0.004033063499893949,0.0012635911966658356,0.0022928679537758943,0.006417303973634864,0.003583133308475718,0.004050690951706213,0.02679308161062248,0.017761179493040784,0.013084789993683385,0.010939232108314299,0.009721781538932744,0.0
F,0.006715769152389153,0.016782014664195728,0.005149964714312029,0.00953594089883931,0.007818183144660765,0.009474243308945708,0.008509614111771965,0.01718012596251439,0.0019484700695065838,0.0015504846488363097,0.0032439599994745576,0.0031283863343396856,0.001989925972585244,0.0025592736555359436,0.002316477382923513,0.0031100627274387644,0.005763316050300562,0.003219071756418985,0.0031459615248237744,0.005738088787866856,0.00210954110810329,0.00291232866118449,0.003263558800029705,0.0024003730688658188,0.006120466857996244,0.002887931630217343,0.010533367672940655,0.01990424222700872,0.03880115795334732,0.15665889081909495,0.013151099038162245,0.010437555725754695,0.0028061731873503856,0.0024991260028118753,0.027283020714110682,0.007132813194714099,0.008661788924755904,0.005174101228818434,0.017120390960165238,0.004272127723982226,0.0066455454372469774,0.14309631577676715,0.01758711437010925,0.010762814010327535,0.05541773518761655,0.02956354122896993,0.01438336191167297,0.014464007484195886,0.011431558021487603,0.0
G,0.13698577885614988,0.08677101873981052,0.11180568894785103,0.05795541010553316,0.06240538323190776,0.07169996984996677,0.07443427886087015,0.04733777318146784,0.15256392324819154,0.12810749035404878,0.1190279100019136,0.11878305503817205,0.05906961085364544,0.13465795761929888,0.18791614365627965,0.14320980706086842,0.09276283065844768,0.08128804545898018,0.051725025080344794,0.10307731920440964,0.13999568371089283,0.10323283098345043,0.12332604348882414,0.1432193252339877,0.10864633870962116,0.12881485724191738,0.1413736235476613,0.04228639311106755,0.06820270015376997,0.09352962158989381,0.12088202729944397,0.13935550656749474,0.06786624930202333,0.10229175208459941,0.054078232438242314,0.0503497371019601,0.13292858278473588,0.07886469825205664,0.05451497631752743,0.04926593959749678,0.01965349877044861,0.029653653868568112,0.04844228114194324,0.0854515710414318,0.06615035878599552,0.06919523039209907,0.132815680285639,0.0675271295872765,0.08189677692675308,0.0
H49,0.022801223282866906,0.05452026085445402,0.020151157938085595,0.1084750026522314,0.046743017363662855,0.056110766052703744,0.09560425887276976,0.04050518214766999,0.028753272850197742,0.017513763006804232,0.04914660963524414,0.034627060138494814,0.02829179240128747,0.027659527188064834,0.022097843042176567,0.02669091044186823,0.06462789940314949,0.03575180971475605,0.025348913028988604,0.029753286069927748,0.01903475347676476,0.02515467082312201,0.02625762601352386,0.022804483237554754,0.015575219298229902,0.025808554881496373,0.032945493923804435,0.023080657381539995,0.034087663247219784,0.028952355618890303,0.05880260936068724,0.1403346911001395,0.014607178247748766,0.014624385007762397,0.09383705826174499,0.11458941463134775,0.01781868784119415,0.02035298019917874,0.010454714213656553,0.008668822398602468,0.009690273625942387,0.007414733626697409,0.017378057848768,0.02266161219335847,0.02479585657215273,0.03357208700320349,0.023182650826293862,0.015287534224263774,0.02549891340668983,0.0
H50,0.003132763456649609,0.0183831421006856,0.0160443509744245,0.008171051777091641,0.01887743244187808,0.007251003948876903,0.01955883582182784,0.0035959902360206217,0.00411350181313099,0.0036821165574360314,0.007144519936089969,0.0051707646669088,0.011004521137001148,0.005503261129498887,0.004066096229933796,0.004332307300561684,0.007251365466061813,0.007237098346359637,0.006826316666329605,0.004858968582785253,0.007131585607325782,0.006169006750486651,0.004754553718932747,0.003262481927151563,0.004624703634952472,0.004440002034877543,0.006081362695937343,0.00466231812944015,0.0020755263325319124,0.004095852142627864,0.015152938309836016,0.014522716774214893,0.38689142429480067,0.003920152202567673,0.05685576653857039,0.005503076272528224,0.0024157404246386203,0.002111572062939533,0.0016502806175199586,0.0019925969888352907,0.0007282475401509967,0.0006091183358818827,0.002749128263147728,0.00475506497309613,0.003158032585093727,0.0018360123238767036,0.0021029599119320036,0.0023626056626035574,0.002397360149299735,0.0
H51,0.0025459618721546304,0.006602763060771574,0.0031623104822458776,0.002414799187233412,0.017211398163814545,0.003281287819294927,0.005346703217596335,0.0031080595152370607,0.002706146067347739,0.002375076573151437,0.004962840920994013,0.003259632011015122,0.0035519002269642835,0.0027626028701845883,0.00391842455453957,0.00292380749280502,0.0034245278840708067,0.0017991799911496122,0.002416391765567398,0.0020612813119752476,0.003751629685579778,0.004232811445929435,0.0034432708924805695,0.002228440111089667,0.0022596950775961703,0.0033124702998941617,0.004244408087712897,0.0022037140597928073,0.002780788516330019,0.0032928223720437803,0.008758074286333666,0.0035637638104414923,0.003272586068260306,0.10920290123062489,0.02583940351204234,0.03725812612239406,0.0032248021611176103,0.005022580760849279,0.004389405268661544,0.0060905798302447476,0.0086988259894019,0.002787209158542808,0.00856447828455903,0.020102463508027597,0.011895562555955625,0.007927726919876267,0.004959939064247275,0.0065245885244884306,0.007341038501814099,0.0
H52,0.006338029228864337,0.013912169920524553,0.011699838048064248,0.024595727695913835,0.014181025584578764,0.01475062161462469,0.016401203321346456,0.014341206965395594,0.010507735686366792,0.004851333159443075,0.01549176271046362,0.012098978702337528,0.011738306623835898,0.00874597594486622,0.008558651785522396,0.0075853091799295115,0.012349641112570612,0.008346054780078186,0.006836692519707332,0.008903458998764642,0.005279293019391126,0.007896236286763095,0.008724314035728278,0.010934606407130362,0.006100707203256627,0.009198247632941895,0.011655245412229814,0.007352515334429468,0.012989997432803702,0.007469236459972486,0.05642101008232512,0.08830754633840592,0.13890875052145582,0.14840083045278932,0.25072358534663247,0.04683515399749857,0.006797365257994066,0.006426908711840013,0.0070769275399435,0.005740808608010189,0.0036239247153598444,0.002587003341608279,0.008039080116906046,0.012750690639848104,0.011285141525959925,0.004748273471772069,0.004251242240771494,0.0076255692555923845,0.007757970675677135,0.0
H53,0.0008118210185700391,0.0010045179364894135,0.0006570632282510216,0.002149340781512907,0.0012926223703109063,0.0009202668725968242,0.0012720331651520755,0.0013241068427548288,0.0006371348393506903,0.0007984565044342321,0.0012565027982307311,0.0017860304840707588,0.00034075773621297206,0.0007427440932943497,0.0013208192168101779,0.0008317394301434773,0.000837701596761596,0.0002977896318394945,0.00031187758088473464,0.0009062834197240942,0.0006442316729176576,0.0010648310969312905,0.001495557045280568,0.0008234792326686833,0.0007334349769884303,0.0008281109377930067,0.0019124682349245898,0.001743479772893506,0.002526084183749014,0.0009018370278816698,0.014465043148290654,0.0029139685367698944,0.0008776016409500931,0.0015622875301509168,0.008375203938351419,0.34980069044600826,0.00348285638060745,0.010327504279782802,0.012269363363747517,0.004811770738721067,0.01968600449832047,0.004046622455019537,0.009752737703848508,0.007225604999988996,0.016406887477303116,0.00849513366850759,0.005712921309146343,0.006081318414488069,0.01235980559903039,0.0
I,0.0012998755615353458,0.005382632471525997,0.002801386445611148,0.00963603846993492,0.007163308309107951,0.016253955257678507,0.010607982831060894,0.004490955957087589,0.0025711940856177977,0.0038744834665420777,0.004028709738565803,0.004378430115060559,0.0014508115664131239,0.0051218015865706484,0.005285268483829478,0.005542437666094446,0.0047304741830874845,0.0027113637868555873,0.002610488805073977,0.005651824493129713,0.00447912234196604,0.007210686566946057,0.0061582095767007865,0.002315620627849781,0.0050731518558648995,0.003935756873427918,0.006133700947227915,0.0038735318857776044,0.011076938018931828,0.00728516436558788,0.01651937946927309,0.015895933626034,0.009873375987436104,0.02434812845791025,0.017553257698920553,0.012732214909981164,0.017548163548641887,0.014910788855460705,0.009352912310394966,0.019296188027850034,0.01834019742089883,0.0069505581762329734,0.027923484249222207,0.03644699507380354,0.02884765404221436,0.040586240034406904,0.02356299914684851,0.0384502332932041,0.03424606537935401,0.0
J58T60,0.0007177503273235811,0.0008666866587175145,0.000369327061839778,0.0005262790914606056,0.0023056280160712473,0.0012982737361854084,0.0010233451118597406,0.001218524820867305,0.0022518347871715544,0.0007456674838167373,0.001770293733849644,0.0037406668012060513,0.0005423527781090955,0.001837780610844745,0.004568564969715778,0.001442691796148414,0.0009490677632020459,0.0006177613751062963,0.0007171760423350207,0.0012986164956718656,0.0015125087581006585,0.0018283718833886078,0.0015415498362945526,0.0014996086351756251,0.0016926143902244914,0.003044765356758078,0.002713716680388402,0.001186743643771324,0.0024143626839191893,0.0013417833294011483,0.010448989356144092,0.002527560811636458,0.0019430977627350027,0.0027996156951340984,0.0034714063778415166,0.00557189343209778,0.008338347671292549,0.3091393119334865,0.04336105719343281,0.03033332231943278,0.00901915007605923,0.0073549299537711285,0.04629462524028395,0.011575133946331456,0.013901970297126729,0.03808269357340801,0.008025947634527868,0.039037094752000664,0.02166939341038279,0.0
J61,0.0012031975482176224,0.002977284252000323,0.0028520982895048667,0.008833568751212235,0.009272319177128336,0.003185598745682706,0.005028453755256359,0.003995605189816221,0.0014445195988805383,0.002296034925576872,0.0029076461156272533,0.0038148290352998386,0.0008875218973326946,0.001670647022964726,0.004716187301614194,0.0022642565620618737,0.0025945037160090977,0.0009546787501134475,0.0012997753776896443,0.0029750773864264165,0.003243253108820884,0.003647358392722899,0.004442773127696007,0.002811298808143518,0.002099230540922122,0.00290756934468433,0.00511760968397816,0.0030730416421865634,0.005958261697990063,0.004752194214389458,0.018401624135926907,0.0087343075619129,0.00394083528525048,0.0049282983535455654,0.01029945318524893,0.0184310762814673,0.009680806293298793,0.02225353714588572,0.2777317796839383,0.030533064256912462,0.02402080494035806,0.012077413929295275,0.020660697642888835,0.020396467962158844,0.029776616441643117,0.016806425999133963,0.01326915372642405,0.017203419201142555,0.022855894806889827,0.0
J62_63,0.0016980322735520637,0.0027872169241616343,0.001538499796790802,0.0044775073595123855,0.011970550831733226,0.0038335951077088123,0.006429784461837296,0.006133831107519396,0.005463027765319762,0.0023704042386387286,0.00475936749096882,0.007979386712926206,0.002353915779423831,0.005302610229673234,0.01420615178417776,0.005367755927221287,0.004448596423574303,0.002408999273569154,0.0028301615095963624,0.005714793490036435,0.006766056727633869,0.0077278884144271675,0.007492880783435414,0.0054006489976574515,0.0055308536182007385,0.008933853913149756,0.010212813536923469,0.011374725936766075,0.016368065345791515,0.006345437722321077,0.03660720300360292,0.01056551199501762,0.009001784681481079,0.012470342198926699,0.02512623084747298,0.034913753847062114,0.01262313520722623,0.056930911794105865,0.0881622536518142,0.35278200719998365,0.06917219196950875,0.02390547998476465,0.056148397976892285,0.052908450576035444,0.056990705951310526,0.04310117554343196,0.026475723000374204,0.035240186922111255,0.03240995262773751,0.0
K,0.02347772538548623,0.02289581119890679,0.021068992931214076,0.03728757571049958,0.07631277954578401,0.044188436661633815,0.03194445973065679,0.05245886911212662,0.01797545772660056,0.015068645577914083,0.01894731566907001,0.02859562439680105,0.01492313337378722,0.019750403012964976,0.026918512140703947,0.02159453213824533,0.0250314088700687,0.012518514962792963,0.01590967059348141,0.02135619806362825,0.01718943337868604,0.024754556710256736,0.022222464004322547,0.014072606043106048,0.016431651588280062,0.024120937543502773,0.030270291039052037,0.032752142530625965,0.04292023509690978,0.026213542190251283,0.07627515702721106,0.05525153670880362,0.02664814448604584,0.04479082630137048,0.04798236746857287,0.039009884519956815,0.032317895530201264,0.029871134684234732,0.046240082557369444,0.044730110782464555,0.47811171738217784,0.27102038080456103,0.06483067961243422,0.07584617259415002,0.07190104833762395,0.048094380843555745,0.02859576967648062,0.05076289272695062,0.062397632721253926,0.0
L,0.0016169737481655933,0.005091607054138419,0.0015853721213648282,0.0063577895415060336,0.014620251017926116,0.004127796718579551,0.007431910786493558,0.007800164944809758,0.005167515976928112,0.0042665549500387695,0.006410107767353219,0.00835248419026578,0.002170881732291689,0.0034050711975004457,0.007255069136515926,0.0054085049785867175,0.004999718551046036,0.0022448911044098446,0.0028781954995947363,0.008739669941618733,0.004025677697943816,0.005850129655723472,0.006193355624813286,0.005067275968618923,0.007867243323005204,0.005906459621581957,0.013400249667424407,0.005585810980047075,0.01099074539720411,0.010736860187186427,0.10003625745909284,0.017074570185329974,0.007993883469743475,0.008878199047558323,0.04987470363419166,0.03312678828319186,0.07968991742541331,0.0361552921108737,0.048253804331200426,0.04878290520024747,0.04520645574504483,0.1340548846949011,0.04828679253714032,0.05374508040509752,0.04619668914107164,0.06269620507195739,0.04800696809566223,0.06126765386869595,0.06388494455991223,0.0
M,0.017214252567144074,0.009589463275943608,0.006709362451621311,0.03603108436930071,0.06422840227194981,0.03450941380090839,0.03488458402261751,0.07594417806767385,0.02739370599629829,0.011434288601737534,0.015919987650922784,0.025621621487820583,0.009612483492522587,0.023397118662946036,0.05600256282930052,0.024556076200175563,0.023385917947007392,0.01055503506580658,0.009419206414023995,0.025242282879691113,0.028364274671393686,0.0268009144361559,0.02848001342743151,0.03108921503024949,0.027351293103336987,0.035785180606747125,0.035936676267738325,0.0369939158027053,0.04546169726275163,0.05704916543873191,0.11357915272439424,0.02929066414680209,0.019759669096936574,0.025929984191411373,0.06404460681802134,0.037944554190542004,0.053012568485526546,0.1184154038884377,0.10663482027173334,0.1308582919030901,0.1281892252184346,0.12687246348074135,0.3354190726696138,0.13643816358837751,0.12646734146953464,0.09895440872275775,0.06595995278735768,0.10687612213616396,0.10335284104813194,0.0
N,0.008824488683629799,0.014645472064142392,0.006732106899385328,0.035422301548700456,0.06610518229882657,0.03329086464129595,0.037464134310100296,0.04667460388415341,0.014306051806120781,0.00758270517931755,0.012694163254478094,0.019814320848225913,0.005442717292719476,0.01269875149759415,0.03532842511792827,0.016672118802500403,0.017540747869868405,0.005649491201528083,0.006562857073147984,0.017338466511218547,0.013151389179217347,0.017327049314064098,0.02107188525244632,0.017501489617647734,0.018719068980101877,0.026451438025927733,0.02800299212654074,0.022075869962683178,0.052606698473706276,0.02777991979410494,0.06800920377823517,0.04699447300151951,0.04863446274685545,0.06495353397273744,0.08337497470075295,0.06976930028147632,0.04076464610811306,0.07669421421797232,0.08372592189597546,0.10574005491042815,0.06689962721572305,0.0728680014298834,0.08764874705523679,0.24290133984124931,0.09022429010235038,0.10531273344653846,0.0622548633105181,0.0889510882827045,0.06091545292292377,0.0
O,0.003232538620973325,0.0057739533861764485,0.0009707440679483714,0.0029956120771274784,0.007748023543836452,0.0036138771585144808,0.003702648864873866,0.006819673524092608,0.0035763622921920497,0.0012524365562682396,0.005508832270792997,0.005445255471863737,0.0015372736190428261,0.0026582558040093886,0.004906542377795856,0.0028492041729661186,0.002395576320603467,0.002552935160133638,0.0031229125082652812,0.0036702530691783593,0.0008690354394462032,0.0019271543289795144,0.0024698279995702638,0.002819496270510953,0.0022807672677766394,0.0036772448770762563,0.003453699558529219,0.007622790161418065,0.023712392443234167,0.005003211360829699,0.013859888801789264,0.012957524573310085,0.0038293792583171775,0.004815302641118703,0.011040585954183215,0.007633997187842147,0.009651328780418213,0.008321508466531673,0.012674821614643082,0.0065812095770836085,0.012465063940763174,0.025583203871169295,0.011793118576395529,0.01183830063519512,0.04934698917797425,0.01911428203262613,0.02050987318539036,0.019375049319573713,0.014393413766456507,0.0
P,0.00038598283789926586,0.0008506201248325699,0.00036539021413743727,0.00031513148771209674,0.001540814529071049,0.0010771790278478108,0.0011047752646006154,0.001079052031093013,0.0005359947983885067,0.0003024811572067011,0.00048180501070194007,0.0007196218665460343,0.0004907783855072907,0.0005345108952456828,0.0018650377529006365,0.000524773300653425,0.0005758487245289095,0.00041998166810223206,0.0005330567485302018,0.0007463493281262894,0.0006358272282556576,0.0010898296106629155,0.0009234583370013773,0.0005422694561163091,0.0008894251503020892,0.0014066284428905329,0.0012374735261344951,0.0009990439843253693,0.002117369518393073,0.0009301266842608542,0.0024783392323073157,0.0017580247174023452,0.0014950005578808925,0.0035880563580941824,0.002999344040231892,0.0018281840822735292,0.00149686694558546,0.002749923872356811,0.005830999212115189,0.007897566311712748,0.005239707568987236,0.002538397375706408,0.0069314371985243406,0.00657055384134778,0.014043027571037668,0.05541524594639654,0.005198893924303973,0.0060827025313511035,0.005503900419160366,0.0
Q,0.0002682574165489789,0.0006470042104540385,0.0003420570150341729,0.0007080052201690962,0.0006785383179111898,0.0003699520462325381,0.0002287126210479453,0.00048355177596983725,0.00046785201675649256,0.00019424791523997564,0.00032599696582370145,0.0004909584642489016,0.00015964265811450597,0.00036514474194222166,0.0014190286436551538,0.0005294948873677842,0.0005922671749575164,0.0001668983235879528,0.00023303374600771914,0.0007586852372828651,0.0007561571008130547,0.0005164997294021483,0.0004470560050610408,0.00034448624318800773,0.0005633254701744718,0.00042082991049357854,0.0008078690609954264,0.00039673798690069434,0.0013522146180868712,0.0004849977932652888,0.0015949077839686626,0.001218186909967413,0.00031885254293230925,0.0006088627258354819,0.001119315151372745,0.0011477864559390402,0.0013538894919759021,0.0012589631500433075,0.0008545570141292364,0.0014624670644381224,0.0019455274996701744,0.000783610385632616,0.002094717147300129,0.0017735754777705416,0.01149917393745112,0.005057504627187256,0.14043039342738065,0.0028109500885055653,0.004811467850886837,0.0
R,0.00028259240223510196,0.0008166863139133815,0.00033901012440264237,0.0006614358960960384,0.0005211195468685217,0.0006175696399075031,0.0006691105115257136,0.0004009848840308586,0.0007519960941838389,0.00033568345216656155,0.00045586625411136,0.0007597808151334204,0.0001745343558161132,0.00045050792757056067,0.0006561439954437661,0.0005666864379952641,0.0005092284702705173,0.0002038281537637078,0.0002653283728341433,0.0006976335610161074,0.0003120723260721172,0.00044276863615038114,0.0006266449312757656,0.0005683568006011259,0.0009311098101279066,0.0006938466830347862,0.001392878256597634,0.0005515327380256809,0.002437348243404476,0.0007077813812709523,0.003287807234197995,0.0011421523882622169,0.0009215441894205691,0.0009631477223897663,0.001623025977933179,0.001471076869837854,0.004342109713178019,0.030653794199456637,0.002543433807151666,0.0026141146118120926,0.0021176716522095995,0.00219954422501207,0.006097975232333179,0.005317890170513506,0.008397329378789826,0.011478236114567657,0.0027556013522496573,0.17911821009303555,0.02634950484316366,0.0
S,0.0008789396685681146,0.002356174302736919,0.004685956943335291,0.005268132906476501,0.003104940967028612,0.005216592798671953,0.005142550944635341,0.0027494983015558506,0.0013522605353008072,0.002039371898132154,0.0021896584505637037,0.001888860781046602,0.0005635082888219573,0.0012879669454232327,0.0016767872999460197,0.0014012808677372028,0.002925867664310885,0.0011961344470780677,0.000929347954982591,0.002674997473402426,0.0019994740372058337,0.00164593951235605,0.0017025393212567348,0.0010631856042968577,0.0016165989334806718,0.0013781605678421169,0.002992750851600812,0.0013883611930641476,0.007366288739505849,0.0021748780353449157,0.006042098154886077,0.004879489196889683,0.0026046012674291303,0.0028061314472192186,0.005050259721751305,0.003924874588500972,0.010000226403970832,0.007634480759854697,0.0071092138735431454,0.009480388140594041,0.01105854067602889,0.004552917339506628,0.011120160076525646,0.009717983673789213,0.008221078762409718,0.011282546151436711,0.01897922356448147,0.015089309198166295,0.10597649778870723,0.0
T,0.0,0.0,0.0,0.0,0.0,0.0,0.0,0.0,0.0,0.0,0.0,0.0,0.0,0.0,0.0,0.0,0.0,0.0,0.0,0.0,0.0,0.0,0.0,0.0,0.0,0.0,0.0,0.0,0.0,0.0,0.0,0.0,0.0,0.0,0.0,0.0,0.0,0.0,0.0,0.0,0.0,0.0,0.0,0.0,0.0,0.0,0.0,0.0,0.0,0.0
